crun-x86_64.tgz,470210cf236881c678822167225b8dc56352d0332940572a3a8049061e653922
patchelf-x86_64.tgz,84fe9a92fcc07cde3f349a267e7ca76e59dc7adeafe7c9826ddacd36bd5b8f81
proot-arm.tgz,955ea9120d54544df79adbc8025a954f9e46dab65b24348d2f59cb325ba51905
proot-arm64.tgz,dc6913ff672d40d61b361ad934b696a9100fdc593806286d69d253afbb579f75
proot-arm64-4_8_0.tgz,b1591fe7607ddf4125739009a2fd26a187f843f66cbef1a81b2fc235dd0bb84a
proot-x86.tgz,cb19e419df5ff2389805f1121a51880e10360934d0e0284d34e962bb12acfcc1
proot-x86-4_8_0.tgz,77945b2bc561ebefd4c0128a6b0bbf730337034074ee47928bb5826ff90cc7c5
proot-x86_64.tgz,30d63806a95b5e0698ae5260c1bb9c48588dd2aeea6a4408b4a75a2b03dbd2a8
proot-x86_64-4_8_0.tgz,c6d5aadd0e6f3df49d214e2d0ff41a2acd15f64f8b3d1b23f604821e8852e1bd
runc-x86_64.tgz,63ebdda9058cfe33220f376c3e0ddf0d0a3caa70c60c4ef90dc87e92430de916
libfakechroot-AlmaLinux-9-x86_64.so.tgz,347d582413001b3e49f4f275d40dfbfe017839c8e0cd4aae7b215f6abfd33791
libfakechroot-Alpine-3.10-x86_64.so.tgz,99a5c086954e2a8dcce1f108839749e48a1e2d9b31516a2b5bbf0772e5e90b0e
libfakechroot-Alpine-3.11-x86_64.so.tgz,8cb548613cfc5b45d7a3f834f73f310a3081dfa25e162e8eac53499bf5b93cfb
libfakechroot-Alpine-3.12-x86_64.so.tgz,66ca5e57bc3294cffdeb4c0d9de9f2b8e7762455296f48defdbbe08e2025cc89
libfakechroot-Alpine-3.13-x86_64.so.tgz,0261c19e10376c4b4b34779dcc5bab6e8219df72bc5234dbe43ee9a5c99744cd
libfakechroot-Alpine-3.14-x86_64.so.tgz,2fcd6cf45cf93353fab6b63e3c0bc63eb8008f4b2cc97eb68c3a279c7f4e5ad6
libfakechroot-Alpine-3.15-x86_64.so.tgz,40380136637d6e6ad713d5325c4fb8f20cdd1c0a001934df60d5dc2f6cd44101
libfakechroot-Alpine-3.16-x86_64.so.tgz,ded6b9b75d2f422ac5f61886e4a15b066734b32b0af174e4c3ced1a710d53e83
libfakechroot-Alpine-3.6-x86_64.so.tgz,ccfdb2cfcdecbc43603f65338b096f663c3951a1c6b9d6515104142d3d036996
libfakechroot-Alpine-3.8-x86_64.so.tgz,3e3d74256604af4ea39f8baf4a8d67d918ed98b99c3b60cf03f658dcafe7e03a
libfakechroot-Alpine-3.9-x86_64.so.tgz,e34aa941663e926ae9cc1796851d7400e155dbdb43dbff63d8d7158357bfaff9
libfakechroot-CentOS-6-x86_64.so.tgz,9a2793a85920de0c900aaa4ad04614d24f64e675e8dd94656fe890fb27cb9f55
libfakechroot-CentOS-7-x86_64.so.tgz,d7121e282f3b610bb8d765cbed5bd4348f7e83f139133b3dd5c8502733d7cada
libfakechroot-CentOS-8-x86_64.so.tgz,e266ae08c9858eadf8eac94a438b8776156f5d3b38bbdac061fca4597b2c3f98
libfakechroot-CentOS-9-x86_64.so.tgz,ce1e6efbb316258bc10b78d49a0afda9e7038bfbcc119b711257ee1415bc0b74
libfakechroot-Fedora-25-x86_64.so.tgz,067ce6c5401b724098c207a5aec57774b855cea797f4628e52e7194f71205d4b
libfakechroot-Fedora-29-x86_64.so.tgz,831911ea28357040987648804e5e5a0804dfa99c45d0cf73bddf9ac1393ba08f
libfakechroot-Fedora-30-x86_64.so.tgz,e85a8ad6d1feffc91ddc007e712c493ee2af5e33f783bb26b728262c1ae19c3e
libfakechroot-Fedora-31-x86_64.so.tgz,6dcf5a938f92b0275b351b9064acdac011addfbe4ea79d31b487f9801b95c4ae
libfakechroot-Fedora-32-x86_64.so.tgz,81251c556aebc4d9c7cf39f2e5a1bc15234c5ff8b98b3092977abb0d6a020615
libfakechroot-Fedora-33-x86_64.so.tgz,59910bf6df549c90342fab2820944f83959487d039f27ad0b243af6df0493464
libfakechroot-Fedora-34-x86_64.so.tgz,b31ce9ebae02e02e87f8eac00818d07b8efb48f21e6074965a6f81e25364205e
libfakechroot-Fedora-35-x86_64.so.tgz,89a86b3cd7706067f49dd36efa17e5db77805fe8ca91b1243f1409dac4258535
libfakechroot-Fedora-36-x86_64.so.tgz,cd2b6f5b5debef00c45df8119554af18715530b86ca0fba5d916f1428719444c
libfakechroot-Rocky-8-x86_64.so.tgz,9001c201d6d2b3369f139b1720bc94e859fa3e9177a07602500c212c3cd911b2
libfakechroot-Rocky-9-x86_64.so.tgz,6c3af5c628f13f91970030c292db9524c0cf8391fd2f09177694d3c9669ca645
libfakechroot-Ubuntu-12-x86_64.so.tgz,8cff65625b38f1553a023275a604ec20de421f78435f137c6785b06967a3f5d1
libfakechroot-Ubuntu-14-x86_64.so.tgz,5d380a5c2b56a04ace23e50d8bccf191c59d6e9e95ede94ff42053d55ad374d0
libfakechroot-Ubuntu-16-x86_64.so.tgz,d19acf78a6a5df118d64f806713f00291a45452d7c5fecdc9ab49f0909a64e48
libfakechroot-Ubuntu-18-x86_64.so.tgz,d43a715a588b04001c40991936af870dffd7b847760db17b2d4e8303c110e38b
libfakechroot-Ubuntu-19-x86_64.so.tgz,3effbb816a276001d1199dbaa718a22cb60a16f03b30a529d1da5b96671b8e32
libfakechroot-Ubuntu-20-x86_64.so.tgz,31993d2755dd7ae9a3aef2b8e0670f4e515e4a274050e1d1c298300f1096afd4
libfakechroot-Ubuntu-22-x86_64.so.tgz,7b8e71a081978a4ff6b384b4116460f82195f488aa31e0dd4066d8ac2871654a
